"pokemon_id","local_language_id","name"
"n1","1","フシギダネ",""
"n1","2","Bulbasaur",""
"n2","1","フシギソウ",""
"n2","2","Ivysaur",""
"n3","1","フシギバナ",""
"n3","2","Venusaur",""
"n3m","1","メガフシギバナ","メガフシギバナ"
"n3m","2","Venusaur","メガフシギバナ"
"n4","1","ヒトカゲ",""
"n4","2","Charmander",""
"n5","1","リザード",""
"n5","2","Charmeleon",""
"n6","1","リザードン",""
"n6","2","Charizard",""
"n6x","1","メガリザードンX","メガリザードンX"
"n6x","2","Charizard","メガリザードンX"
"n6y","1","メガリザードンY","メガリザードンY"
"n6y","2","Charizard","メガリザードンY"
"n7","1","ゼニガメ",""
"n7","2","Squirtle",""
"n8","1","カメール",""
"n8","2","Wartortle",""
"n9","1","カメックス",""
"n9","2","Blastoise",""
"n9m","1","メガカメックス","メガカメックス"
"n9m","2","Blastoise","メガカメックス"
"n10","1","キャタピー",""
"n10","2","2.9kg",""
"n11","1","トランセル",""
"n11","2","9.9kg",""
"n12","1","バタフリー",""
"n12","2","32.0kg",""
"n13","1","ビードル",""
"n13","2","Weedle",""
"n14","1","コクーン",""
"n14","2","Kakuna",""
"n15","1","スピアー",""
"n15","2","Beedrill",""
"n15m","1","メガスピアー","メガスピアー"
"n15m","2","Beedrill","メガスピアー"
"n16","1","ポッポ",""
"n16","2","Pidgey",""
"n17","1","ピジョン",""
"n17","2","Pidgeotto",""
"n18","1","ピジョット",""
"n18","2","Pidgeot",""
"n18m","1","メガピジョット","メガピジョット"
"n18m","2","Pidgeot","メガピジョット"
"n19","1","コラッタ",""
"n19","2","Rattata",""
"n19a","1","コラッタ","アローラのすがた"
"n19a","2","3.8kg","アローラのすがた"
"n20","1","ラッタ",""
"n20","2","Raticate",""
"n20a","1","ラッタ","アローラのすがた"
"n20a","2","25.5kg","アローラのすがた"
"n21","1","オニスズメ",""
"n21","2","2.0kg",""
"n22","1","オニドリル",""
"n22","2","38.0kg",""
"n23","1","アーボ",""
"n23","2","",""
"n24","1","アーボック",""
"n24","2","",""
"n25","1","ピカチュウ",""
"n25","2","6.0kg",""
"n26","1","ライチュウ",""
"n26","2","Raichu",""
"n26a","1","ライチュウ","アローラのすがた"
"n26a","2","21.0kg","アローラのすがた"
"n27","1","サンド",""
"n27","2","Sandshrew",""
"n27a","1","サンド","アローラのすがた"
"n27a","2","40.0kg","アローラのすがた"
"n28","1","サンドパン",""
"n28","2","Sandslash",""
"n28a","1","サンドパン","アローラのすがた"
"n28a","2","55.0kg","アローラのすがた"
"n29","1","ニドラン♀",""
"n29","2","Nidoran♀",""
"n30","1","ニドリーナ",""
"n30","2","Nidorina",""
"n31","1","ニドクイン",""
"n31","2","Nidoqueen",""
"n32","1","ニドラン♂",""
"n32","2","Nidoran♂",""
"n33","1","ニドリーノ",""
"n33","2","Nidorino",""
"n34","1","ニドキング",""
"n34","2","Nidoking",""
"n35","1","ピッピ",""
"n35","2","7.5kg",""
"n36","1","ピクシー",""
"n36","2","40.0kg",""
"n37","1","ロコン",""
"n37","2","Vulpix",""
"n37a","1","ロコン","アローラのすがた"
"n37a","2","9.9kg","アローラのすがた"
"n38","1","キュウコン",""
"n38","2","Ninetales",""
"n38a","1","キュウコン","アローラのすがた"
"n38a","2","19.9kg","アローラのすがた"
"n39","1","プリン",""
"n39","2","5.5kg",""
"n40","1","プクリン",""
"n40","2","12.0kg",""
"n41","1","ズバット",""
"n41","2","7.5kg",""
"n42","1","ゴルバット",""
"n42","2","55.0kg",""
"n43","1","ナゾノクサ",""
"n43","2","Oddish",""
"n44","1","クサイハナ",""
"n44","2","Gloom",""
"n45","1","ラフレシア",""
"n45","2","Vileplume",""
"n46","1","パラス",""
"n46","2","5.4kg",""
"n47","1","パラセクト",""
"n47","2","29.5kg",""
"n48","1","コンパン",""
"n48","2","Venonat",""
"n49","1","モルフォン",""
"n49","2","Venomoth",""
"n50","1","ディグダ",""
"n50","2","Diglett",""
"n50a","1","ディグダ","アローラのすがた"
"n50a","2","1.0kg","アローラのすがた"
"n51","1","ダグトリオ",""
"n51","2","Dugtrio",""
"n51a","1","ダグトリオ","アローラのすがた"
"n51a","2","66.6kg","アローラのすがた"
"n52","1","ニャース",""
"n52","2","Meowth",""
"n52a","1","ニャース","アローラのすがた"
"n52a","2","4.2kg","アローラのすがた"
"n53","1","ペルシアン",""
"n53","2","Persian",""
"n53a","1","ペルシアン","アローラのすがた"
"n53a","2","33.0kg","アローラのすがた"
"n54","1","コダック",""
"n54","2","19.6kg",""
"n55","1","ゴルダック",""
"n55","2","76.6kg",""
"n56","1","マンキー",""
"n56","2","28.0kg",""
"n57","1","オコリザル",""
"n57","2","32.0kg",""
"n58","1","ガーディ",""
"n58","2","19.0kg",""
"n59","1","ウインディ",""
"n59","2","155.0kg",""
"n60","1","ニョロモ",""
"n60","2","12.4kg",""
"n61","1","ニョロゾ",""
"n61","2","20.0kg",""
"n62","1","ニョロボン",""
"n62","2","54.0kg",""
"n63","1","ケーシィ",""
"n63","2","19.5kg",""
"n64","1","ユンゲラー",""
"n64","2","56.5kg",""
"n65","1","フーディン",""
"n65","2","48.0kg",""
"n65m","1","メガフーディン","メガフーディン"
"n65m","2","48.0kg","メガフーディン"
"n66","1","ワンリキー",""
"n66","2","19.5kg",""
"n67","1","ゴーリキー",""
"n67","2","70.5kg",""
"n68","1","カイリキー",""
"n68","2","130.0kg",""
"n69","1","マダツボミ",""
"n69","2","Bellsprout",""
"n70","1","ウツドン",""
"n70","2","Weepinbell",""
"n71","1","ウツボット",""
"n71","2","Victreebel",""
"n72","1","メノクラゲ",""
"n72","2","45.5kg",""
"n73","1","ドククラゲ",""
"n73","2","55.0kg",""
"n74","1","イシツブテ",""
"n74","2","Geodude",""
"n74a","1","イシツブテ","アローラのすがた"
"n74a","2","20.3kg","アローラのすがた"
"n75","1","ゴローン",""
"n75","2","Graveler",""
"n75a","1","ゴローン","アローラのすがた"
"n75a","2","110.0kg","アローラのすがた"
"n76","1","ゴローニャ",""
"n76","2","Golem",""
"n76a","1","ゴローニャ","アローラのすがた"
"n76a","2","316.0kg","アローラのすがた"
"n77","1","ポニータ",""
"n77","2","Ponyta",""
"n78","1","ギャロップ",""
"n78","2","Rapidash",""
"n79","1","ヤドン",""
"n79","2","36.0kg",""
"n80","1","ヤドラン",""
"n80","2","78.5kg",""
"n80m","1","メガヤドラン","メガヤドラン"
"n80m","2","120.0kg","メガヤドラン"
"n81","1","コイル",""
"n81","2","6.0kg",""
"n82","1","レアコイル",""
"n82","2","60.0kg",""
"n83","1","カモネギ",""
"n83","2","Farfetch'd",""
"n84","1","ドードー",""
"n84","2","Doduo",""
"n85","1","ドードリオ",""
"n85","2","Dodrio",""
"n86","1","パウワウ",""
"n86","2","",""
"n87","1","ジュゴン",""
"n87","2","",""
"n88","1","ベトベター",""
"n88","2","Grimer",""
"n88a","1","ベトベター","アローラのすがた"
"n88a","2","42.0kg","アローラのすがた"
"n89","1","ベトベトン",""
"n89","2","Muk",""
"n89a","1","ベトベトン","アローラのすがた"
"n89a","2","52.0kg","アローラのすがた"
"n90","1","シェルダー",""
"n90","2","4.0kg",""
"n91","1","パルシェン",""
"n91","2","132.5kg",""
"n92","1","ゴース",""
"n92","2","0.1kg",""
"n93","1","ゴースト",""
"n93","2","0.1kg",""
"n94","1","ゲンガー",""
"n94","2","40.5kg",""
"n94m","1","メガゲンガー","メガゲンガー"
"n94m","2","40.5kg","メガゲンガー"
"n95","1","イワーク",""
"n95","2","Onix",""
"n96","1","スリープ",""
"n96","2","32.4kg",""
"n97","1","スリーパー",""
"n97","2","75.6kg",""
"n98","1","クラブ",""
"n98","2","Krabby",""
"n99","1","キングラー",""
"n99","2","Kingler",""
"n100","1","ビリリダマ",""
"n100","2","Voltorb",""
"n101","1","マルマイン",""
"n101","2","Electrode",""
"n102","1","タマタマ",""
"n102","2","2.5kg",""
"n103","1","ナッシー",""
"n103","2","Exeggutor",""
"n103a","1","ナッシー","アローラのすがた"
"n103a","2","415.6kg","アローラのすがた"
"n104","1","カラカラ",""
"n104","2","6.5kg",""
"n105","1","ガラガラ",""
"n105","2","Marowak",""
"n105a","1","ガラガラ","アローラのすがた"
"n105a","2","34.0kg","アローラのすがた"
"n106","1","サワムラー",""
"n106","2","Hitmonlee",""
"n107","1","エビワラー",""
"n107","2","Hitmonchan",""
"n108","1","ベロリンガ",""
"n108","2","",""
"n109","1","ドガース",""
"n109","2","Koffing",""
"n110","1","マタドガス",""
"n110","2","Weezing",""
"n111","1","サイホーン",""
"n111","2","Rhyhorn",""
"n112","1","サイドン",""
"n112","2","Rhydon",""
"n113","1","ラッキー",""
"n113","2","34.6kg",""
"n114","1","モンジャラ",""
"n114","2","Tangela",""
"n115","1","ガルーラ",""
"n115","2","80.0kg",""
"n115m","1","メガガルーラ","メガガルーラ"
"n115m","2","100.0kg","メガガルーラ"
"n116","1","タッツー",""
"n116","2","Horsea",""
"n117","1","シードラ",""
"n117","2","Seadra",""
"n118","1","トサキント",""
"n118","2","15.0kg",""
"n119","1","アズマオウ",""
"n119","2","39.0kg",""
"n120","1","ヒトデマン",""
"n120","2","34.5kg",""
"n121","1","スターミー",""
"n121","2","80.0kg",""
"n122","1","バリヤード",""
"n122","2","",""
"n123","1","ストライク",""
"n123","2","56.0kg",""
"n124","1","ルージュラ",""
"n124","2","",""
"n125","1","エレブー",""
"n125","2","30.0kg",""
"n126","1","ブーバー",""
"n126","2","44.5kg",""
"n127","1","カイロス",""
"n127","2","55.0kg",""
"n127m","1","メガカイロス","メガカイロス"
"n127m","2","59.0kg","メガカイロス"
"n128","1","ケンタロス",""
"n128","2","88.4kg",""
"n129","1","コイキング",""
"n129","2","10.0kg",""
"n130","1","ギャラドス",""
"n130","2","235.0kg",""
"n130m","1","メガギャラドス","メガギャラドス"
"n130m","2","305.0kg","メガギャラドス"
"n131","1","ラプラス",""
"n131","2","220.0kg",""
"n132","1","メタモン",""
"n132","2","4.0kg",""
"n133","1","イーブイ",""
"n133","2","6.5kg",""
"n134","1","シャワーズ",""
"n134","2","29.0kg",""
"n135","1","サンダース",""
"n135","2","24.5kg",""
"n136","1","ブースター",""
"n136","2","25.0kg",""
"n137","1","ポリゴン",""
"n137","2","36.5kg",""
"n138","1","オムナイト",""
"n138","2","",""
"n139","1","オムスター",""
"n139","2","",""
"n140","1","カブト",""
"n140","2","",""
"n141","1","カブトプス",""
"n141","2","",""
"n142","1","プテラ",""
"n142","2","59.0kg",""
"n142m","1","メガプテラ","メガプテラ"
"n142m","2","79.0kg","メガプテラ"
"n143","1","カビゴン",""
"n143","2","460.0kg",""
"n144","1","フリーザー",""
"n144","2","Articuno",""
"n145","1","サンダー",""
"n145","2","Zapdos",""
"n146","1","ファイヤー",""
"n146","2","Moltres",""
"n147","1","ミニリュウ",""
"n147","2","3.3kg",""
"n148","1","ハクリュー",""
"n148","2","16.5kg",""
"n149","1","カイリュー",""
"n149","2","210.0kg",""
"n150","1","ミュウツー",""
"n150","2","Mewtwo",""
"n150x","1","メガミュウツーX","メガミュウツーX"
"n150x","2","Mewtwo","メガミュウツーX"
"n150y","1","メガミュウツーY","メガミュウツーY"
"n150y","2","Mewtwo","メガミュウツーY"
"n151","1","ミュウ",""
"n151","2","Mew",""
"n152","1","チコリータ",""
"n152","2","Chikorita",""
"n153","1","ベイリーフ",""
"n153","2","Bayleef",""
"n154","1","メガニウム",""
"n154","2","Meganium",""
"n155","1","ヒノアラシ",""
"n155","2","Cyndaquil",""
"n156","1","マグマラシ",""
"n156","2","Quilava",""
"n157","1","バクフーン",""
"n157","2","Typhlosion",""
"n158","1","ワニノコ",""
"n158","2","Totodile",""
"n159","1","アリゲイツ",""
"n159","2","Croconaw",""
"n160","1","オーダイル",""
"n160","2","Feraligatr",""
"n161","1","オタチ",""
"n161","2","Sentret",""
"n162","1","オオタチ",""
"n162","2","Furret",""
"n163","1","ホーホー",""
"n163","2","",""
"n164","1","ヨルノズク",""
"n164","2","",""
"n165","1","レディバ",""
"n165","2","10.8kg",""
"n166","1","レディアン",""
"n166","2","35.6kg",""
"n167","1","イトマル",""
"n167","2","8.5kg",""
"n168","1","アリアドス",""
"n168","2","33.5kg",""
"n169","1","クロバット",""
"n169","2","75.0kg",""
"n170","1","チョンチー",""
"n170","2","12.0kg",""
"n171","1","ランターン",""
"n171","2","22.5kg",""
"n172","1","ピチュー",""
"n172","2","2.0kg",""
"n173","1","ピィ",""
"n173","2","3.0kg",""
"n174","1","ププリン",""
"n174","2","1.0kg",""
"n175","1","トゲピー",""
"n175","2","Togepi",""
"n176","1","トゲチック",""
"n176","2","Togetic",""
"n177","1","ネイティ",""
"n177","2","",""
"n178","1","ネイティオ",""
"n178","2","",""
"n179","1","メリープ",""
"n179","2","",""
"n180","1","モココ",""
"n180","2","",""
"n181","1","デンリュウ",""
"n181","2","",""
"n181m","1","メガデンリュウ","メガデンリュウ"
"n181m","2","","メガデンリュウ"
"n182","1","キレイハナ",""
"n182","2","Bellossom",""
"n183","1","マリル",""
"n183","2","Marill",""
"n184","1","マリルリ",""
"n184","2","Azumarill",""
"n185","1","ウソッキー",""
"n185","2","38.0kg",""
"n186","1","ニョロトノ",""
"n186","2","33.9kg",""
"n187","1","ハネッコ",""
"n187","2","Hoppip",""
"n188","1","ポポッコ",""
"n188","2","Skiploom",""
"n189","1","ワタッコ",""
"n189","2","Jumpluff",""
"n190","1","エイパム",""
"n190","2","",""
"n191","1","ヒマナッツ",""
"n191","2","Sunkern",""
"n192","1","キマワリ",""
"n192","2","Sunflora",""
"n193","1","ヤンヤンマ",""
"n193","2","Yanma",""
"n194","1","ウパー",""
"n194","2","Wooper",""
"n195","1","ヌオー",""
"n195","2","Quagsire",""
"n196","1","エーフィ",""
"n196","2","26.5kg",""
"n197","1","ブラッキー",""
"n197","2","27.0kg",""
"n198","1","ヤミカラス",""
"n198","2","2.1kg",""
"n199","1","ヤドキング",""
"n199","2","79.5kg",""
"n200","1","ムウマ",""
"n200","2","1.0kg",""
"n201","1","アンノーン",""
"n201","2","Unown",""
"n202","1","ソーナンス",""
"n202","2","Wobbuffet",""
"n203","1","キリンリキ",""
"n203","2","Girafarig",""
"n204","1","クヌギダマ",""
"n204","2","",""
"n205","1","フォレトス",""
"n205","2","",""
"n206","1","ノコッチ",""
"n206","2","",""
"n207","1","グライガー",""
"n207","2","Gligar",""
"n208","1","ハガネール",""
"n208","2","Steelix",""
"n208m","1","メガハガネール","メガハガネール"
"n208m","2","Steelix","メガハガネール"
"n209","1","ブルー",""
"n209","2","7.8kg",""
"n210","1","グランブル",""
"n210","2","48.7kg",""
"n211","1","ハリーセン",""
"n211","2","Qwilfish",""
"n212","1","ハッサム",""
"n212","2","118.0kg",""
"n212m","1","メガハッサム","メガハッサム"
"n212m","2","125.0kg","メガハッサム"
"n213","1","ツボツボ",""
"n213","2","Shuckle",""
"n214","1","ヘラクロス",""
"n214","2","",""
"n214m","1","メガヘラクロス","メガヘラクロス"
"n214m","2","","メガヘラクロス"
"n215","1","ニューラ",""
"n215","2","28.0kg",""
"n216","1","ヒメグマ",""
"n216","2","Teddiursa",""
"n217","1","リングマ",""
"n217","2","Ursaring",""
"n218","1","マグマッグ",""
"n218","2","Slugma",""
"n219","1","マグカルゴ",""
"n219","2","Magcargo",""
"n220","1","ウリムー",""
"n220","2","Swinub",""
"n221","1","イノムー",""
"n221","2","Piloswine",""
"n222","1","サニーゴ",""
"n222","2","5.0kg",""
"n223","1","テッポウオ",""
"n223","2","",""
"n224","1","オクタン",""
"n224","2","",""
"n225","1","デリバード",""
"n225","2","16.0kg",""
"n226","1","マンタイン",""
"n226","2","",""
"n227","1","エアームド",""
"n227","2","50.5kg",""
"n228","1","デルビル",""
"n228","2","",""
"n229","1","ヘルガー",""
"n229","2","",""
"n229m","1","メガヘルガー","メガヘルガー"
"n229m","2","","メガヘルガー"
"n230","1","キングドラ",""
"n230","2","Kingdra",""
"n231","1","ゴマゾウ",""
"n231","2","Phanpy",""
"n232","1","ドンファン",""
"n232","2","Donphan",""
"n233","1","ポリゴン2",""
"n233","2","32.5kg",""
"n234","1","オドシシ",""
"n234","2","Stantler",""
"n235","1","ドーブル",""
"n235","2","58.0kg",""
"n236","1","バルキー",""
"n236","2","Tyrogue",""
"n237","1","カポエラー",""
"n237","2","Hitmontop",""
"n238","1","ムチュール",""
"n238","2","",""
"n239","1","エレキッド",""
"n239","2","23.5kg",""
"n240","1","ブビィ",""
"n240","2","21.4kg",""
"n241","1","ミルタンク",""
"n241","2","75.5kg",""
"n242","1","ハピナス",""
"n242","2","46.8kg",""
"n243","1","ライコウ",""
"n243","2","Raikou",""
"n244","1","エンテイ",""
"n244","2","Entei",""
"n245","1","スイクン",""
"n245","2","Suicune",""
"n246","1","ヨーギラス",""
"n246","2","",""
"n247","1","サナギラス",""
"n247","2","",""
"n248","1","バンギラス",""
"n248","2","",""
"n248m","1","メガバンギラス","メガバンギラス"
"n248m","2","","メガバンギラス"
"n249","1","ルギア",""
"n249","2","Lugia",""
"n250","1","ホウオウ",""
"n250","2","Ho-Oh",""
"n251","1","セレビィ",""
"n251","2","Celebi",""
"n252","1","キモリ",""
"n252","2","Treecko",""
"n253","1","ジュプトル",""
"n253","2","Grovyle",""
"n254","1","ジュカイン",""
"n254","2","Sceptile",""
"n254m","1","メガジュカイン","メガジュカイン"
"n254m","2","Sceptile","メガジュカイン"
"n255","1","アチャモ",""
"n255","2","Torchic",""
"n256","1","ワカシャモ",""
"n256","2","Combusken",""
"n257","1","バシャーモ",""
"n257","2","Blaziken",""
"n257m","1","メガバシャーモ","メガバシャーモ"
"n257m","2","Blaziken","メガバシャーモ"
"n258","1","ミズゴロウ",""
"n258","2","Mudkip",""
"n259","1","ヌマクロー",""
"n259","2","Marshtomp",""
"n260","1","ラグラージ",""
"n260","2","Swampert",""
"n260m","1","メガラグラージ","メガラグラージ"
"n260m","2","Swampert","メガラグラージ"
"n261","1","ポチエナ",""
"n261","2","Poochyena",""
"n262","1","グラエナ",""
"n262","2","Mightyena",""
"n263","1","ジグザグマ",""
"n263","2","Zigzagoon",""
"n264","1","マッスグマ",""
"n264","2","Linoone",""
"n265","1","ケムッソ",""
"n265","2","Wurmple",""
"n266","1","カラサリス",""
"n266","2","Silcoon",""
"n267","1","アゲハント",""
"n267","2","Beautifly",""
"n268","1","マユルド",""
"n268","2","Cascoon",""
"n269","1","ドクケイル",""
"n269","2","Dustox",""
"n270","1","ハスボー",""
"n270","2","Lotad",""
"n271","1","ハスブレロ",""
"n271","2","Lombre",""
"n272","1","ルンパッパ",""
"n272","2","Ludicolo",""
"n273","1","タネボー",""
"n273","2","Seedot",""
"n274","1","コノハナ",""
"n274","2","Nuzleaf",""
"n275","1","ダーテング",""
"n275","2","Shiftry",""
"n276","1","スバメ",""
"n276","2","Taillow",""
"n277","1","オオスバメ",""
"n277","2","Swellow",""
"n278","1","キャモメ",""
"n278","2","9.5kg",""
"n279","1","ペリッパー",""
"n279","2","28.0kg",""
"n280","1","ラルトス",""
"n280","2","Ralts",""
"n281","1","キルリア",""
"n281","2","Kirlia",""
"n282","1","サーナイト",""
"n282","2","Gardevoir",""
"n282m","1","メガサーナイト","メガサーナイト"
"n282m","2","Gardevoir","メガサーナイト"
"n283","1","アメタマ",""
"n283","2","1.7kg",""
"n284","1","アメモース",""
"n284","2","3.6kg",""
"n285","1","キノココ",""
"n285","2","Shroomish",""
"n286","1","キノガッサ",""
"n286","2","Breloom",""
"n287","1","ナマケロ",""
"n287","2","Slakoth",""
"n288","1","ヤルキモノ",""
"n288","2","Vigoroth",""
"n289","1","ケッキング",""
"n289","2","Slaking",""
"n290","1","ツチニン",""
"n290","2","Nincada",""
"n291","1","テッカニン",""
"n291","2","Ninjask",""
"n292","1","ヌケニン",""
"n292","2","Shedinja",""
"n293","1","ゴニョニョ",""
"n293","2","Whismur",""
"n294","1","ドゴーム",""
"n294","2","Loudred",""
"n295","1","バクオング",""
"n295","2","Exploud",""
"n296","1","マクノシタ",""
"n296","2","86.4kg",""
"n297","1","ハリテヤマ",""
"n297","2","253.8kg",""
"n298","1","ルリリ",""
"n298","2","Azurill",""
"n299","1","ノズパス",""
"n299","2","97.0kg",""
"n300","1","エネコ",""
"n300","2","Skitty",""
"n301","1","エネコロロ",""
"n301","2","Delcatty",""
"n302","1","ヤミラミ",""
"n302","2","11.0kg",""
"n302m","1","メガヤミラミ","メガヤミラミ"
"n302m","2","161.0kg","メガヤミラミ"
"n303","1","クチート",""
"n303","2","",""
"n303m","1","メガクチート","メガクチート"
"n303m","2","","メガクチート"
"n304","1","ココドラ",""
"n304","2","Aron",""
"n305","1","コドラ",""
"n305","2","Lairon",""
"n306","1","ボスゴドラ",""
"n306","2","Aggron",""
"n306m","1","メガボスゴドラ","メガボスゴドラ"
"n306m","2","Aggron","メガボスゴドラ"
"n307","1","アサナン",""
"n307","2","Meditite",""
"n308","1","チャーレム",""
"n308","2","Medicham",""
"n308m","1","メガチャーレム","メガチャーレム"
"n308m","2","Medicham","メガチャーレム"
"n309","1","ラクライ",""
"n309","2","",""
"n310","1","ライボルト",""
"n310","2","",""
"n310m","1","メガライボルト","メガライボルト"
"n310m","2","","メガライボルト"
"n311","1","プラスル",""
"n311","2","Plusle",""
"n312","1","マイナン",""
"n312","2","Minun",""
"n313","1","バルビート",""
"n313","2","Volbeat",""
"n314","1","イルミーゼ",""
"n314","2","Illumise",""
"n315","1","ロゼリア",""
"n315","2","Roselia",""
"n316","1","ゴクリン",""
"n316","2","Gulpin",""
"n317","1","マルノーム",""
"n317","2","Swalot",""
"n318","1","キバニア",""
"n318","2","20.8kg",""
"n319","1","サメハダー",""
"n319","2","88.8kg",""
"n319m","1","メガサメハダー","メガサメハダー"
"n319m","2","130.3kg","メガサメハダー"
"n320","1","ホエルコ",""
"n320","2","130.0kg",""
"n321","1","ホエルオー",""
"n321","2","398.0kg",""
"n322","1","ドンメル",""
"n322","2","Numel",""
"n323","1","バクーダ",""
"n323","2","Camerupt",""
"n323m","1","メガバクーダ","メガバクーダ"
"n323m","2","Camerupt","メガバクーダ"
"n324","1","コータス",""
"n324","2","80.4kg",""
"n325","1","バネブー",""
"n325","2","Spoink",""
"n326","1","ブーピッグ",""
"n326","2","Grumpig",""
"n327","1","パッチール",""
"n327","2","5.0kg",""
"n328","1","ナックラー",""
"n328","2","15.0kg",""
"n329","1","ビブラーバ",""
"n329","2","15.3kg",""
"n330","1","フライゴン",""
"n330","2","82.0kg",""
"n331","1","サボネア",""
"n331","2","Cacnea",""
"n332","1","ノクタス",""
"n332","2","Cacturne",""
"n333","1","チルット",""
"n333","2","Swablu",""
"n334","1","チルタリス",""
"n334","2","Altaria",""
"n334m","1","メガチルタリス","メガチルタリス"
"n334m","2","Altaria","メガチルタリス"
"n335","1","ザングース",""
"n335","2","Zangoose",""
"n336","1","ハブネーク",""
"n336","2","Seviper",""
"n337","1","ルナトーン",""
"n337","2","Lunatone",""
"n338","1","ソルロック",""
"n338","2","Solrock",""
"n339","1","ドジョッチ",""
"n339","2","1.9kg",""
"n340","1","ナマズン",""
"n340","2","23.6kg",""
"n341","1","ヘイガニ",""
"n341","2","",""
"n342","1","シザリガー",""
"n342","2","",""
"n343","1","ヤジロン",""
"n343","2","",""
"n344","1","ネンドール",""
"n344","2","",""
"n345","1","リリーラ",""
"n345","2","",""
"n346","1","ユレイドル",""
"n346","2","",""
"n347","1","アノプス",""
"n347","2","",""
"n348","1","アーマルド",""
"n348","2","",""
"n349","1","ヒンバス",""
"n349","2","7.4kg",""
"n350","1","ミロカロス",""
"n350","2","162.0kg",""
"n351","1","ポワルン",""
"n351","2","0.8kg",""
"n352","1","カクレオン",""
"n352","2","",""
"n353","1","カゲボウズ",""
"n353","2","",""
"n354","1","ジュペッタ",""
"n354","2","",""
"n354m","1","メガジュペッタ","メガジュペッタ"
"n354m","2","","メガジュペッタ"
"n355","1","ヨマワル",""
"n355","2","Duskull",""
"n356","1","サマヨール",""
"n356","2","Dusclops",""
"n357","1","トロピウス",""
"n357","2","",""
"n358","1","チリーン",""
"n358","2","Chimecho",""
"n359","1","アブソル",""
"n359","2","47.0kg",""
"n359m","1","メガアブソル","メガアブソル"
"n359m","2","49.0kg","メガアブソル"
"n360","1","ソーナノ",""
"n360","2","Wynaut",""
"n361","1","ユキワラシ",""
"n361","2","16.8kg",""
"n362","1","オニゴーリ",""
"n362","2","256.5kg",""
"n362m","1","メガオニゴーリ","メガオニゴーリ"
"n362m","2","350.2kg","メガオニゴーリ"
"n363","1","タマザラシ",""
"n363","2","Spheal",""
"n364","1","トドグラー",""
"n364","2","Sealeo",""
"n365","1","トドゼルガ",""
"n365","2","Walrein",""
"n366","1","パールル",""
"n366","2","",""
"n367","1","ハンテール",""
"n367","2","",""
"n368","1","サクラビス",""
"n368","2","",""
"n369","1","ジーランス",""
"n369","2","23.4kg",""
"n370","1","ラブカス",""
"n370","2","8.7kg",""
"n371","1","タツベイ",""
"n371","2","42.1kg",""
"n372","1","コモルー",""
"n372","2","110.5kg",""
"n373","1","ボーマンダ",""
"n373","2","102.6kg",""
"n373m","1","メガボーマンダ","メガボーマンダ"
"n373m","2","112.6kg","メガボーマンダ"
"n374","1","ダンバル",""
"n374","2","95.2kg",""
"n375","1","メタング",""
"n375","2","202.5kg",""
"n376","1","メタグロス",""
"n376","2","550.0kg",""
"n376m","1","メガメタグロス","メガメタグロス"
"n376m","2","942.9kg","メガメタグロス"
"n377","1","レジロック",""
"n377","2","Regirock",""
"n378","1","レジアイス",""
"n378","2","Regice",""
"n379","1","レジスチル",""
"n379","2","Registeel",""
"n380","1","ラティアス",""
"n380","2","Latias",""
"n380m","1","メガラティアス","メガラティアス"
"n380m","2","Latias","メガラティアス"
"n381","1","ラティオス",""
"n381","2","Latios",""
"n381m","1","メガラティオス","メガラティオス"
"n381m","2","Latios","メガラティオス"
"n382","1","カイオーガ",""
"n382","2","Kyogre",""
"n382p","1","ゲンシカイオーガ","ゲンシカイオーガ"
"n382p","2","Kyogre","ゲンシカイオーガ"
"n383","1","グラードン",""
"n383","2","Groudon",""
"n383p","1","ゲンシグラードン","ゲンシグラードン"
"n383p","2","Groudon","ゲンシグラードン"
"n384","1","レックウザ",""
"n384","2","Rayquaza",""
"n384m","1","メガレックウザ","メガレックウザ"
"n384m","2","Rayquaza","メガレックウザ"
"n385","1","ジラーチ",""
"n385","2","Jirachi",""
"n386","1","デオキシス",""
"n386","2","Deoxys",""
"n386a","1","デオキシス","アタックフォルム"
"n386a","2","Deoxys","アタックフォルム"
"n386d","1","デオキシス","ディフェンスフォルム"
"n386d","2","Deoxys","ディフェンスフォルム"
"n386s","1","デオキシス","スピードフォルム"
"n386s","2","Deoxys","スピードフォルム"
"n387","1","ナエトル",""
"n387","2","Turtwig",""
"n388","1","ハヤシガメ",""
"n388","2","Grotle",""
"n389","1","ドダイトス",""
"n389","2","Torterra",""
"n390","1","ヒコザル",""
"n390","2","Chimchar",""
"n391","1","モウカザル",""
"n391","2","Monferno",""
"n392","1","ゴウカザル",""
"n392","2","Infernape",""
"n393","1","ポッチャマ",""
"n393","2","Piplup",""
"n394","1","ポッタイシ",""
"n394","2","Prinplup",""
"n395","1","エンペルト",""
"n395","2","Empoleon",""
"n396","1","ムックル",""
"n396","2","Starly",""
"n397","1","ムクバード",""
"n397","2","Staravia",""
"n398","1","ムクホーク",""
"n398","2","Staraptor",""
"n399","1","ビッパ",""
"n399","2","Bidoof",""
"n400","1","ビーダル",""
"n400","2","Bibarel",""
"n401","1","コロボーシ",""
"n401","2","Kricketot",""
"n402","1","コロトック",""
"n402","2","Kricketune",""
"n403","1","コリンク",""
"n403","2","Shinx",""
"n404","1","ルクシオ",""
"n404","2","Luxio",""
"n405","1","レントラー",""
"n405","2","Luxray",""
"n406","1","スボミー",""
"n406","2","Budew",""
"n407","1","ロズレイド",""
"n407","2","Roserade",""
"n408","1","ズガイドス",""
"n408","2","31.5kg",""
"n409","1","ラムパルド",""
"n409","2","102.5kg",""
"n410","1","タテトプス",""
"n410","2","57.0kg",""
"n411","1","トリデプス",""
"n411","2","149.5kg",""
"n412","1","ミノムッチ",""
"n412","2","Burmy",""
"n413","1","ミノマダム",""
"n413","2","Wormadam",""
"n413s","1","ミノマダム","すなちのミノ"
"n413s","2","Wormadam","すなちのミノ"
"n413d","1","ミノマダム","ゴミのミノ"
"n413d","2","Wormadam","ゴミのミノ"
"n414","1","ガーメイル",""
"n414","2","Mothim",""
"n415","1","ミツハニー",""
"n415","2","Combee",""
"n416","1","ビークイン",""
"n416","2","Vespiquen",""
"n417","1","パチリス",""
"n417","2","Pachirisu",""
"n418","1","ブイゼル",""
"n418","2","Buizel",""
"n419","1","フローゼル",""
"n419","2","Floatzel",""
"n420","1","チェリンボ",""
"n420","2","Cherubi",""
"n421","1","チェリム",""
"n421","2","Cherrim",""
"n422","1","カラナクシ",""
"n422","2","6.3kg",""
"n423","1","トリトドン",""
"n423","2","29.9kg",""
"n424","1","エテボース",""
"n424","2","",""
"n425","1","フワンテ",""
"n425","2","1.2kg",""
"n426","1","フワライド",""
"n426","2","15.0kg",""
"n427","1","ミミロル",""
"n427","2","",""
"n428","1","ミミロップ",""
"n428","2","",""
"n428m","1","メガミミロップ","メガミミロップ"
"n428m","2","","メガミミロップ"
"n429","1","ムウマージ",""
"n429","2","4.4kg",""
"n430","1","ドンカラス",""
"n430","2","27.3kg",""
"n431","1","ニャルマー",""
"n431","2","Glameow",""
"n432","1","ブニャット",""
"n432","2","Purugly",""
"n433","1","リーシャン",""
"n433","2","Chingling",""
"n434","1","スカンプー",""
"n434","2","Stunky",""
"n435","1","スカタンク",""
"n435","2","Skuntank",""
"n436","1","ドーミラー",""
"n436","2","Bronzor",""
"n437","1","ドータクン",""
"n437","2","Bronzong",""
"n438","1","ウソハチ",""
"n438","2","15.0kg",""
"n439","1","マネネ",""
"n439","2","",""
"n440","1","ピンプク",""
"n440","2","24.4kg",""
"n441","1","ペラップ",""
"n441","2","Chatot",""
"n442","1","ミカルゲ",""
"n442","2","Spiritomb",""
"n443","1","フカマル",""
"n443","2","20.5kg",""
"n444","1","ガバイト",""
"n444","2","56.0kg",""
"n445","1","ガブリアス",""
"n445","2","95.0kg",""
"n445m","1","メガガブリアス","メガガブリアス"
"n445m","2","95.0kg","メガガブリアス"
"n446","1","ゴンベ",""
"n446","2","105.0kg",""
"n447","1","リオル",""
"n447","2","20.2kg",""
"n448","1","ルカリオ",""
"n448","2","54.0kg",""
"n448m","1","メガルカリオ","メガルカリオ"
"n448m","2","57.5kg","メガルカリオ"
"n449","1","ヒポポタス",""
"n449","2","Hippopotas",""
"n450","1","カバルドン",""
"n450","2","Hippowdon",""
"n451","1","スコルピ",""
"n451","2","Skorupi",""
"n452","1","ドラピオン",""
"n452","2","Drapion",""
"n453","1","グレッグル",""
"n453","2","Croagunk",""
"n454","1","ドクロッグ",""
"n454","2","Toxicroak",""
"n455","1","マスキッパ",""
"n455","2","Carnivine",""
"n456","1","ケイコウオ",""
"n456","2","7.0kg",""
"n457","1","ネオラント",""
"n457","2","24.0kg",""
"n458","1","タマンタ",""
"n458","2","",""
"n459","1","ユキカブリ",""
"n459","2","Snover",""
"n460","1","ユキノオー",""
"n460","2","Abomasnow",""
"n460m","1","メガユキノオー","メガユキノオー"
"n460m","2","Abomasnow","メガユキノオー"
"n461","1","マニューラ",""
"n461","2","34.0kg",""
"n462","1","ジバコイル",""
"n462","2","180.0kg",""
"n463","1","ベロベルト",""
"n463","2","",""
"n464","1","ドサイドン",""
"n464","2","Rhyperior",""
"n465","1","モジャンボ",""
"n465","2","Tangrowth",""
"n466","1","エレキブル",""
"n466","2","138.6kg",""
"n467","1","ブーバーン",""
"n467","2","68.0kg",""
"n468","1","トゲキッス",""
"n468","2","Togekiss",""
"n469","1","メガヤンマ",""
"n469","2","Yanmega",""
"n470","1","リーフィア",""
"n470","2","25.5kg",""
"n471","1","グレイシア",""
"n471","2","25.9kg",""
"n472","1","グライオン",""
"n472","2","Gliscor",""
"n473","1","マンムー",""
"n473","2","Mamoswine",""
"n474","1","ポリゴンZ",""
"n474","2","34.0kg",""
"n475","1","エルレイド",""
"n475","2","Gallade",""
"n475m","1","メガエルレイド","メガエルレイド"
"n475m","2","Gallade","メガエルレイド"
"n476","1","ダイノーズ",""
"n476","2","340.0kg",""
"n477","1","ヨノワール",""
"n477","2","Dusknoir",""
"n478","1","ユキメノコ",""
"n478","2","26.6kg",""
"n479","1","ロトム",""
"n479","2","Rotom",""
"n479h","1","ロトム","ヒート"
"n479h","2","Rotom","ヒート"
"n479w","1","ロトム","ウォッシュ"
"n479w","2","Rotom","ウォッシュ"
"n479f","1","ロトム","フロスト"
"n479f","2","Rotom","フロスト"
"n479s","1","ロトム","スピン"
"n479s","2","Rotom","スピン"
"n479c","1","ロトム","カット"
"n479c","2","Rotom","カット"
"n480","1","ユクシー",""
"n480","2","Uxie",""
"n481","1","エムリット",""
"n481","2","Mesprit",""
"n482","1","アグノム",""
"n482","2","Azelf",""
"n483","1","ディアルガ",""
"n483","2","Dialga",""
"n484","1","パルキア",""
"n484","2","Palkia",""
"n485","1","ヒードラン",""
"n485","2","Heatran",""
"n486","1","レジギガス",""
"n486","2","Regigigas",""
"n487","1","ギラティナ",""
"n487","2","Giratina",""
"n487o","1","ギラティナ","オリジンフォルム"
"n487o","2","Giratina","オリジンフォルム"
"n488","1","クレセリア",""
"n488","2","Cresselia",""
"n489","1","フィオネ",""
"n489","2","Phione",""
"n490","1","マナフィ",""
"n490","2","Manaphy",""
"n491","1","ダークライ",""
"n491","2","Darkrai",""
"n492","1","シェイミ",""
"n492","2","Shaymin",""
"n492s","1","シェイミ","スカイフォルム"
"n492s","2","Shaymin","スカイフォルム"
"n493","1","アルセウス",""
"n493","2","Arceus",""
"n494","1","ビクティニ",""
"n494","2","Victini",""
"n495","1","ツタージャ",""
"n495","2","Snivy",""
"n496","1","ジャノビー",""
"n496","2","Servine",""
"n497","1","ジャローダ",""
"n497","2","Serperior",""
"n498","1","ポカブ",""
"n498","2","Tepig",""
"n499","1","チャオブー",""
"n499","2","Pignite",""
"n500","1","エンブオー",""
"n500","2","Emboar",""
"n501","1","ミジュマル",""
"n501","2","Oshawott",""
"n502","1","フタチマル",""
"n502","2","Dewott",""
"n503","1","ダイケンキ",""
"n503","2","Samurott",""
"n504","1","ミネズミ",""
"n504","2","Patrat",""
"n505","1","ミルホッグ",""
"n505","2","Watchog",""
"n506","1","ヨーテリー",""
"n506","2","4.1kg",""
"n507","1","ハーデリア",""
"n507","2","14.7kg",""
"n508","1","ムーランド",""
"n508","2","61.0kg",""
"n509","1","チョロネコ",""
"n509","2","Purrloin",""
"n510","1","レパルダス",""
"n510","2","Liepard",""
"n511","1","ヤナップ",""
"n511","2","Pansage",""
"n512","1","ヤナッキー",""
"n512","2","Simisage",""
"n513","1","バオップ",""
"n513","2","Pansear",""
"n514","1","バオッキー",""
"n514","2","Simisear",""
"n515","1","ヒヤップ",""
"n515","2","Panpour",""
"n516","1","ヒヤッキー",""
"n516","2","Simipour",""
"n517","1","ムンナ",""
"n517","2","Munna",""
"n518","1","ムシャーナ",""
"n518","2","Musharna",""
"n519","1","マメパト",""
"n519","2","Pidove",""
"n520","1","ハトーボー",""
"n520","2","Tranquill",""
"n521","1","ケンホロウ",""
"n521","2","Unfezant",""
"n522","1","シママ",""
"n522","2","Blitzle",""
"n523","1","ゼブライカ",""
"n523","2","Zebstrika",""
"n524","1","ダンゴロ",""
"n524","2","18.0kg",""
"n525","1","ガントル",""
"n525","2","102.0kg",""
"n526","1","ギガイアス",""
"n526","2","260.0kg",""
"n527","1","コロモリ",""
"n527","2","Woobat",""
"n528","1","ココロモリ",""
"n528","2","Swoobat",""
"n529","1","モグリュー",""
"n529","2","Drilbur",""
"n530","1","ドリュウズ",""
"n530","2","Excadrill",""
"n531","1","タブンネ",""
"n531","2","Audino",""
"n531m","1","メガタブンネ","メガタブンネ"
"n531m","2","Audino","メガタブンネ"
"n532","1","ドッコラー",""
"n532","2","Timburr",""
"n533","1","ドテッコツ",""
"n533","2","Gurdurr",""
"n534","1","ローブシン",""
"n534","2","Conkeldurr",""
"n535","1","オタマロ",""
"n535","2","Tympole",""
"n536","1","ガマガル",""
"n536","2","Palpitoad",""
"n537","1","ガマゲロゲ",""
"n537","2","Seismitoad",""
"n538","1","ナゲキ",""
"n538","2","Throh",""
"n539","1","ダゲキ",""
"n539","2","Sawk",""
"n540","1","クルミル",""
"n540","2","Sewaddle",""
"n541","1","クルマユ",""
"n541","2","Swadloon",""
"n542","1","ハハコモリ",""
"n542","2","Leavanny",""
"n543","1","フシデ",""
"n543","2","Venipede",""
"n544","1","ホイーガ",""
"n544","2","Whirlipede",""
"n545","1","ペンドラー",""
"n545","2","Scolipede",""
"n546","1","モンメン",""
"n546","2","0.6kg",""
"n547","1","エルフーン",""
"n547","2","6.6kg",""
"n548","1","チュリネ",""
"n548","2","6.6kg",""
"n549","1","ドレディア",""
"n549","2","16.3kg",""
"n550","1","バスラオ",""
"n550","2","",""
"n550f","1","バスラオ","あおすじ"
"n550f","2","","あおすじ"
"n551","1","メグロコ",""
"n551","2","15.2kg",""
"n552","1","ワルビル",""
"n552","2","33.4kg",""
"n553","1","ワルビアル",""
"n553","2","96.3kg",""
"n554","1","ダルマッカ",""
"n554","2","Darumaka",""
"n555","1","ヒヒダルマ",""
"n555","2","Darmanitan",""
"n555f","1","ヒヒダルマ","ダルマモード"
"n555f","2","Darmanitan","ダルマモード"
"n556","1","マラカッチ",""
"n556","2","Maractus",""
"n557","1","イシズマイ",""
"n557","2","Dwebble",""
"n558","1","イワパレス",""
"n558","2","Crustle",""
"n559","1","ズルッグ",""
"n559","2","",""
"n560","1","ズルズキン",""
"n560","2","",""
"n561","1","シンボラー",""
"n561","2","Sigilyph",""
"n562","1","デスマス",""
"n562","2","Yamask",""
"n563","1","デスカーン",""
"n563","2","Cofagrigus",""
"n564","1","プロトーガ",""
"n564","2","16.5kg",""
"n565","1","アバゴーラ",""
"n565","2","81.0kg",""
"n566","1","アーケン",""
"n566","2","9.5kg",""
"n567","1","アーケオス",""
"n567","2","32.0kg",""
"n568","1","ヤブクロン",""
"n568","2","31.0kg",""
"n569","1","ダストダス",""
"n569","2","107.3kg",""
"n570","1","ゾロア",""
"n570","2","",""
"n571","1","ゾロアーク",""
"n571","2","",""
"n572","1","チラーミィ",""
"n572","2","",""
"n573","1","チラチーノ",""
"n573","2","",""
"n574","1","ゴチム",""
"n574","2","Gothita",""
"n575","1","ゴチミル",""
"n575","2","Gothorita",""
"n576","1","ゴチルゼル",""
"n576","2","Gothitelle",""
"n577","1","ユニラン",""
"n577","2","Solosis",""
"n578","1","ダブラン",""
"n578","2","Duosion",""
"n579","1","ランクルス",""
"n579","2","Reuniclus",""
"n580","1","コアルヒー",""
"n580","2","Ducklett",""
"n581","1","スワンナ",""
"n581","2","Swanna",""
"n582","1","バニプッチ",""
"n582","2","5.7kg",""
"n583","1","バニリッチ",""
"n583","2","41.0kg",""
"n584","1","バイバニラ",""
"n584","2","57.5kg",""
"n585","1","シキジカ",""
"n585","2","Deerling",""
"n586","1","メブキジカ",""
"n586","2","Sawsbuck",""
"n587","1","エモンガ",""
"n587","2","5.0kg",""
"n588","1","カブルモ",""
"n588","2","Karrablast",""
"n589","1","シュバルゴ",""
"n589","2","Escavalier",""
"n590","1","タマゲタケ",""
"n590","2","Foongus",""
"n591","1","モロバレル",""
"n591","2","Amoonguss",""
"n592","1","プルリル",""
"n592","2","",""
"n593","1","ブルンゲル",""
"n593","2","",""
"n594","1","ママンボウ",""
"n594","2","31.6kg",""
"n595","1","バチュル",""
"n595","2","Joltik",""
"n596","1","デンチュラ",""
"n596","2","Galvantula",""
"n597","1","テッシード",""
"n597","2","Ferroseed",""
"n598","1","ナットレイ",""
"n598","2","Ferrothorn",""
"n599","1","ギアル",""
"n599","2","Klink",""
"n600","1","ギギアル",""
"n600","2","Klang",""
"n601","1","ギギギアル",""
"n601","2","Klinklang",""
"n602","1","シビシラス",""
"n602","2","Tynamo",""
"n603","1","シビビール",""
"n603","2","Eelektrik",""
"n604","1","シビルドン",""
"n604","2","Eelektross",""
"n605","1","リグレー",""
"n605","2","",""
"n606","1","オーベム",""
"n606","2","",""
"n607","1","ヒトモシ",""
"n607","2","Litwick",""
"n608","1","ランプラー",""
"n608","2","Lampent",""
"n609","1","シャンデラ",""
"n609","2","Chandelure",""
"n610","1","キバゴ",""
"n610","2","Axew",""
"n611","1","オノンド",""
"n611","2","Fraxure",""
"n612","1","オノノクス",""
"n612","2","Haxorus",""
"n613","1","クマシュン",""
"n613","2","Cubchoo",""
"n614","1","ツンベアー",""
"n614","2","Beartic",""
"n615","1","フリージオ",""
"n615","2","Cryogonal",""
"n616","1","チョボマキ",""
"n616","2","Shelmet",""
"n617","1","アギルダー",""
"n617","2","Accelgor",""
"n618","1","マッギョ",""
"n618","2","Stunfisk",""
"n619","1","コジョフー",""
"n619","2","",""
"n620","1","コジョンド",""
"n620","2","",""
"n621","1","クリムガン",""
"n621","2","",""
"n622","1","ゴビット",""
"n622","2","",""
"n623","1","ゴルーグ",""
"n623","2","",""
"n624","1","コマタナ",""
"n624","2","",""
"n625","1","キリキザン",""
"n625","2","",""
"n626","1","バッフロン",""
"n626","2","Bouffalant",""
"n627","1","ワシボン",""
"n627","2","10.5kg",""
"n628","1","ウォーグル",""
"n628","2","41.0kg",""
"n629","1","バルチャイ",""
"n629","2","9.0kg",""
"n630","1","バルジーナ",""
"n630","2","39.5kg",""
"n631","1","クイタラン",""
"n631","2","Heatmor",""
"n632","1","アイアント",""
"n632","2","Durant",""
"n633","1","モノズ",""
"n633","2","Deino",""
"n634","1","ジヘッド",""
"n634","2","Zweilous",""
"n635","1","サザンドラ",""
"n635","2","Hydreigon",""
"n636","1","メラルバ",""
"n636","2","",""
"n637","1","ウルガモス",""
"n637","2","",""
"n638","1","コバルオン",""
"n638","2","Cobalion",""
"n639","1","テラキオン",""
"n639","2","Terrakion",""
"n640","1","ビリジオン",""
"n640","2","Virizion",""
"n641","1","トルネロス",""
"n641","2","Tornadus",""
"n641a","1","トルネロス","れいじゅうフォルム"
"n641a","2","Tornadus","れいじゅうフォルム"
"n642","1","ボルトロス",""
"n642","2","Thundurus",""
"n642a","1","ボルトロス","れいじゅうフォルム"
"n642a","2","Thundurus","れいじゅうフォルム"
"n643","1","レシラム",""
"n643","2","Reshiram",""
"n644","1","ゼクロム",""
"n644","2","Zekrom",""
"n645","1","ランドロス",""
"n645","2","Landorus",""
"n645a","1","ランドロス","れいじゅうフォルム"
"n645a","2","Landorus","れいじゅうフォルム"
"n646","1","キュレム",""
"n646","2","Kyurem",""
"n646w","1","キュレム","ホワイトキュレム"
"n646w","2","Kyurem","ホワイトキュレム"
"n646b","1","キュレム","ブラックキュレム"
"n646b","2","Kyurem","ブラックキュレム"
"n647","1","ケルディオ",""
"n647","2","Keldeo",""
"n647k","1","ケルディオ","かくごのすがた"
"n647k","2","Keldeo","かくごのすがた"
"n648","1","メロエッタ",""
"n648","2","Meloetta",""
"n648f","1","メロエッタ","ステップフォルム"
"n648f","2","Meloetta","ステップフォルム"
"n649","1","ゲノセクト",""
"n649","2","Genesect",""
"n650","1","ハリマロン",""
"n650","2","Chespin",""
"n651","1","ハリボーグ",""
"n651","2","Quilladin",""
"n652","1","ブリガロン",""
"n652","2","Chesnaught",""
"n653","1","フォッコ",""
"n653","2","Fennekin",""
"n654","1","テールナー",""
"n654","2","Braixen",""
"n655","1","マフォクシー",""
"n655","2","Delphox",""
"n656","1","ケロマツ",""
"n656","2","Froakie",""
"n657","1","ゲコガシラ",""
"n657","2","Frogadier",""
"n658","1","ゲッコウガ",""
"n658","2","Greninja",""
"n658f","1","ゲッコウガ","サトシゲッコウガ"
"n658f","2","Greninja","サトシゲッコウガ"
"n659","1","ホルビー",""
"n659","2","Bunnelby",""
"n660","1","ホルード",""
"n660","2","Diggersby",""
"n661","1","ヤヤコマ",""
"n661","2","1.7kg",""
"n662","1","ヒノヤコマ",""
"n662","2","16.0kg",""
"n663","1","ファイアロー",""
"n663","2","24.5kg",""
"n664","1","コフキムシ",""
"n664","2","Scatterbug",""
"n665","1","コフーライ",""
"n665","2","Spewpa",""
"n666","1","ビビヨン",""
"n666","2","Vivillon",""
"n667","1","シシコ",""
"n667","2","",""
"n668","1","カエンジシ",""
"n668","2","",""
"n669","1","フラベベ",""
"n669","2","",""
"n670","1","フラエッテ",""
"n670","2","",""
"n671","1","フラージェス",""
"n671","2","",""
"n672","1","メェークル",""
"n672","2","Skiddo",""
"n673","1","ゴーゴート",""
"n673","2","Gogoat",""
"n674","1","ヤンチャム",""
"n674","2","8.0kg",""
"n675","1","ゴロンダ",""
"n675","2","136.0kg",""
"n676","1","トリミアン",""
"n676","2","",""
"n677","1","ニャスパー",""
"n677","2","Espurr",""
"n678","1","ニャオニクス",""
"n678","2","Meowstic",""
"n678f","1","ニャオニクス","メスの姿"
"n678f","2","Meowstic","メスの姿"
"n679","1","ヒトツキ",""
"n679","2","Honedge",""
"n680","1","ニダンギル",""
"n680","2","Doublade",""
"n681","1","ギルガルド",""
"n681","2","Aegislash",""
"n681b","1","ギルガルド","ブレードフォルム"
"n681b","2","Aegislash","ブレードフォルム"
"n682","1","シュシュプ",""
"n682","2","Spritzee",""
"n683","1","フレフワン",""
"n683","2","Aromatisse",""
"n684","1","ペロッパフ",""
"n684","2","Swirlix",""
"n685","1","ペロリーム",""
"n685","2","Slurpuff",""
"n686","1","マーイーカ",""
"n686","2","",""
"n687","1","カラマネロ",""
"n687","2","",""
"n688","1","カメテテ",""
"n688","2","Binacle",""
"n689","1","ガメノデス",""
"n689","2","Barbaracle",""
"n690","1","クズモー",""
"n690","2","",""
"n691","1","ドラミドロ",""
"n691","2","",""
"n692","1","ウデッポウ",""
"n692","2","",""
"n693","1","ブロスター",""
"n693","2","",""
"n694","1","エリキテル",""
"n694","2","Helioptile",""
"n695","1","エレザード",""
"n695","2","Heliolisk",""
"n696","1","チゴラス",""
"n696","2","",""
"n697","1","ガチゴラス",""
"n697","2","",""
"n698","1","アマルス",""
"n698","2","",""
"n699","1","アマルルガ",""
"n699","2","",""
"n700","1","ニンフィア",""
"n700","2","23.5kg",""
"n701","1","ルチャブル",""
"n701","2","",""
"n702","1","デデンネ",""
"n702","2","",""
"n703","1","メレシー",""
"n703","2","5.7kg",""
"n704","1","ヌメラ",""
"n704","2","2.8kg",""
"n705","1","ヌメイル",""
"n705","2","17.5kg",""
"n706","1","ヌメルゴン",""
"n706","2","150.5kg",""
"n707","1","クレッフィ",""
"n707","2","3.0kg",""
"n708","1","ボクレー",""
"n708","2","7.0kg",""
"n709","1","オーロット",""
"n709","2","71.0kg",""
"n710","1","バケッチャ",""
"n710","2","Pumpkaboo",""
"n710s","1","バケッチャ","ちいさいサイズ"
"n710s","2","Pumpkaboo","ちいさいサイズ"
"n710l","1","バケッチャ","おおきいサイズ"
"n710l","2","Pumpkaboo","おおきいサイズ"
"n710k","1","バケッチャ","とくだいサイズ"
"n710k","2","Pumpkaboo","とくだいサイズ"
"n711","1","パンプジン",""
"n711","2","Gourgeist",""
"n711s","1","パンプジン","ちいさいサイズ"
"n711s","2","Gourgeist","ちいさいサイズ"
"n711l","1","パンプジン","おおきいサイズ"
"n711l","2","Gourgeist","おおきいサイズ"
"n711k","1","パンプジン","とくだいサイズ"
"n711k","2","Gourgeist","とくだいサイズ"
"n712","1","カチコール",""
"n712","2","Bergmite",""
"n713","1","クレベース",""
"n713","2","Avalugg",""
"n714","1","オンバット",""
"n714","2","",""
"n715","1","オンバーン",""
"n715","2","",""
"n716","1","ゼルネアス",""
"n716","2","Xerneas",""
"n717","1","イベルタル",""
"n717","2","Yveltal",""
"n718","1","ジガルデ",""
"n718","2","305.0kg",""
"n718t","1","ジガルデ","10%フォルム"
"n718t","2","33.5kg","10%フォルム"
"n718c","1","ジガルデ","パーフェクトフォルム"
"n718c","2","610.0kg","パーフェクトフォルム"
"n719","1","ディアンシー",""
"n719","2","Diancie",""
"n719m","1","メガディアンシー","メガディアンシー"
"n719m","2","Diancie","メガディアンシー"
"n720","1","フーパ",""
"n720","2","Hoopa",""
"n720u","1","フーパ","ときはなたれしフーパ"
"n720u","2","Hoopa","ときはなたれしフーパ"
"n721","1","ボルケニオン",""
"n721","2","Volcanion",""
"n722","1","モクロー",""
"n722","2","1.5kg",""
"n723","1","フクスロー",""
"n723","2","16.0kg",""
"n724","1","ジュナイパー",""
"n724","2","36.6kg",""
"n725","1","ニャビー",""
"n725","2","4.3kg",""
"n726","1","ニャヒート",""
"n726","2","25.0kg",""
"n727","1","ガオガエン",""
"n727","2","83.0kg",""
"n728","1","アシマリ",""
"n728","2","7.5kg",""
"n729","1","オシャマリ",""
"n729","2","17.5kg",""
"n730","1","アシレーヌ",""
"n730","2","44.0kg",""
"n731","1","ツツケラ",""
"n731","2","1.2kg",""
"n732","1","ケララッパ",""
"n732","2","14.8kg",""
"n733","1","ドデカバシ",""
"n733","2","26.0kg",""
"n734","1","ヤングース",""
"n734","2","6.0kg",""
"n735","1","デカグース",""
"n735","2","14.2kg",""
"n736","1","アゴジムシ",""
"n736","2","4.4kg",""
"n737","1","デンヂムシ",""
"n737","2","10.5kg",""
"n738","1","クワガノン",""
"n738","2","45.0kg",""
"n739","1","マケンカニ",""
"n739","2","7.0kg",""
"n740","1","ケケンカニ",""
"n740","2","180.0kg",""
"n741","1","オドリドリ",""
"n741","2","3.4kg",""
"n741p","1","オドリドリ","ぱちぱち"
"n741p","2","3.4kg","ぱちぱち"
"n741f","1","オドリドリ","ふらふら"
"n741f","2","3.4kg","ふらふら"
"n741m","1","オドリドリ","まいまい"
"n741m","2","3.4kg","まいまい"
"n742","1","アブリー",""
"n742","2","0.2kg",""
"n743","1","アブリボン",""
"n743","2","0.5kg",""
"n744","1","イワンコ",""
"n744","2","9.2kg",""
"n745","1","ルガルガン",""
"n745","2","25.0kg",""
"n745f","1","ルガルガン","まよなかのすがた"
"n745f","2","25.0kg","まよなかのすがた"
"n745d","1","ルガルガン","たそがれのすがた"
"n745d","2","","たそがれのすがた"
"n746","1","ヨワシ",""
"n746","2","0.3kg",""
"n746f","1","ヨワシ","むれたすがた"
"n746f","2","78.6kg","むれたすがた"
"n747","1","ヒドイデ",""
"n747","2","8.0kg",""
"n748","1","ドヒドイデ",""
"n748","2","14.5kg",""
"n749","1","ドロバンコ",""
"n749","2","110.0kg",""
"n750","1","バンバドロ",""
"n750","2","920.0kg",""
"n751","1","シズクモ",""
"n751","2","4.0kg",""
"n752","1","オニシズクモ",""
"n752","2","82.0kg",""
"n753","1","カリキリ",""
"n753","2","1.5kg",""
"n754","1","ラランテス",""
"n754","2","18.5kg",""
"n755","1","ネマシュ",""
"n755","2","1.5kg",""
"n756","1","マシェード",""
"n756","2","11.5kg",""
"n757","1","ヤトウモリ",""
"n757","2","4.8kg",""
"n758","1","エンニュート",""
"n758","2","22.2kg",""
"n759","1","ヌイコグマ",""
"n759","2","6.8kg",""
"n760","1","キテルグマ",""
"n760","2","135.0kg",""
"n761","1","アマカジ",""
"n761","2","3.2kg",""
"n762","1","アママイコ",""
"n762","2","8.2kg",""
"n763","1","アマージョ",""
"n763","2","21.4kg",""
"n764","1","キュワワー",""
"n764","2","0.3kg",""
"n765","1","ヤレユータン",""
"n765","2","76.0kg",""
"n766","1","ナゲツケサル",""
"n766","2","82.8kg",""
"n767","1","コソクムシ",""
"n767","2","12.0kg",""
"n768","1","グソクムシャ",""
"n768","2","108.0kg",""
"n769","1","スナバァ",""
"n769","2","70.0kg",""
"n770","1","シロデスナ",""
"n770","2","250.0kg",""
"n771","1","ナマコブシ",""
"n771","2","1.2kg",""
"n772","1","タイプ：ヌル",""
"n772","2","120.5kg",""
"n773","1","シルヴァディ",""
"n773","2","100.5kg",""
"n774","1","メテノ",""
"n774","2","40.0kg",""
"n774f","1","メテノ","コア"
"n774f","2","0.3kg","コア"
"n775","1","ネッコアラ",""
"n775","2","19.9kg",""
"n776","1","バクガメス",""
"n776","2","212.0kg",""
"n777","1","トゲデマル",""
"n777","2","3.3kg",""
"n778","1","ミミッキュ",""
"n778","2","0.7kg",""
"n779","1","ハギギシリ",""
"n779","2","19.0kg",""
"n780","1","ジジーロン",""
"n780","2","185.0kg",""
"n781","1","ダダリン",""
"n781","2","210.0kg",""
"n782","1","ジャラコ",""
"n782","2","29.7kg",""
"n783","1","ジャランゴ",""
"n783","2","47.0kg",""
"n784","1","ジャラランガ",""
"n784","2","78.2kg",""
"n785","1","カプ・コケコ",""
"n785","2","20.5kg",""
"n786","1","カプ・テテフ",""
"n786","2","18.6kg",""
"n787","1","カプ・ブルル",""
"n787","2","45.5kg",""
"n788","1","カプ・レヒレ",""
"n788","2","21.2kg",""
"n789","1","コスモッグ",""
"n789","2","0.1kg",""
"n790","1","コスモウム",""
"n790","2","999.9kg",""
"n791","1","ソルガレオ",""
"n791","2","230.0kg",""
"n792","1","ルナアーラ",""
"n792","2","120.0kg",""
"n793","1","ウツロイド",""
"n793","2","55.5kg",""
"n794","1","マッシブーン",""
"n794","2","333.6kg",""
"n795","1","フェローチェ",""
"n795","2","25.0kg",""
"n796","1","デンジュモク",""
"n796","2","100.0kg",""
"n797","1","テッカグヤ",""
"n797","2","999.9kg",""
"n798","1","カミツルギ",""
"n798","2","0.1kg",""
"n799","1","アクジキング",""
"n799","2","888.0kg",""
"n800","1","ネクロズマ",""
"n800","2","230.0kg",""
"n800s","1","ネクロズマ","たそがれのたてがみ(日食)"
"n800s","2","","たそがれのたてがみ(日食)"
"n800m","1","ネクロズマ","あかつきのつばさ(月食)"
"n800m","2","","あかつきのつばさ(月食)"
"n800u","1","ネクロズマ","ウルトラネクロズマ"
"n800u","2","","ウルトラネクロズマ"
"n801","1","マギアナ",""
"n801","2","80.5kg",""
"n802","1","マーシャドー",""
"n802","2","22.2kg",""
"n803","1","ベベノム",""
"n803","2","",""
"n804","1","アーゴヨン",""
"n804","2","",""
"n805","1","ツンデツンデ",""
"n805","2","",""
"n806","1","ズガドーン",""
"n806","2","",""
"n807","1","ゼラオラ",""
"n807","2","",""
